# night,n_img_proc,n_img_raw,size_img_proc,size_conf_proc,size_cat_proc,size_img_raw
20091112,42,114,3624018.75,1340794.69,298383.75,9847327.50
20091114,65,184,4980839.06,2140104.38,499359.38,13535218.12
20091115,42,114,3666051.56,1338885.00,254373.75,10024993.12
20091116,21,54,2022913.12,651183.75,133908.75,5521058.44
20091117,21,60,1620714.38,697505.62,196385.62,4380148.12
20091120,21,54,2022541.88,647777.81,112694.06,5500943.44
20091121,42,108,3966696.56,1297940.62,258786.56,10801209.38
20091125,28,66,2639081.25,878144.06,134732.81,6601741.88
20091127,21,54,2002921.88,676049.06,111310.31,5452658.44
20091128,21,54,2032751.25,676046.25,107026.88,5523103.12
20091201,21,54,2006690.62,670989.38,112671.56,5484096.56
20091207,21,60,1605417.19,710904.38,163898.44,4374900.00
20091210,21,60,1606935.94,709500.94,162180.00,4365483.75
20091212,14,36,1325832.19,451628.44,74295.00,3632180.62
20091213,42,120,3193813.12,1420785.00,289417.50,8690073.75
20091214,12,31,928535.62,388867.50,60676.88,2403967.50
20091218,66,186,5386432.50,2172690.00,407635.31,15026245.31
20091219,65,170,5344588.12,2122441.88,314409.38,13989915.00
20091220,42,114,3596374.69,1378968.75,230554.69,9821767.50
20091221,21,60,1603105.31,709545.94,103072.50,4380958.12
20091222,21,60,1586370.94,711464.06,161344.69,4306736.25
20091223,42,120,3215030.62,1419589.69,275616.56,8748225.00
20091224,45,120,3727794.38,1464474.38,264740.62,10125435.94
20091225,63,168,5501070.00,2058525.00,398314.69,14936633.44
20091226,63,162,5978584.69,2011516.88,358160.62,16288388.44
20091227,63,162,5926303.12,2013173.44,410228.44,16094320.31
20091228,21,54,1971334.69,673287.19,125462.81,5347018.12
20100103,21,54,1979555.62,670604.06,83309.06,5403448.12
20100104,42,108,3923980.31,1333434.38,256148.44,10687615.31
20100107,84,240,6456889.69,2839930.31,778497.19,17498160.00
20100108,42,120,3071742.19,1431705.94,479984.06,8278104.38
20100109,42,120,3419468.44,1409520.94,272767.50,9392698.12
20100110,21,60,1540684.69,713269.69,212045.62,4165515.00
20100111,37,104,2888325.00,1240008.75,227857.50,7795923.75
20100112,21,60,1606426.88,707287.50,153205.31,4382724.38
20100114,26,69,1941612.19,857691.56,147512.81,5087039.06
20100115,21,60,1609647.19,709664.06,131968.12,4368386.25
20100116,63,180,4829245.31,2126497.50,494741.25,13145557.50
20100117,21,60,1608567.19,708280.31,153911.25,4379428.12
20100118,63,168,5688523.12,2046583.12,381518.44,15489194.06
20100119,63,162,6007542.19,2028088.12,368389.69,16315318.12
20100120,63,168,5721975.00,2051004.38,399265.31,15607020.94
20100121,42,114,3654860.62,1382023.12,224513.44,9974340.00
20100122,42,120,3293935.31,1415070.00,260294.06,8989948.12
20100123,63,174,5145142.50,2092587.19,538995.94,13960164.38
20100124,63,174,5204700.00,2092680.00,564544.69,14122774.69
20100125,63,162,6086247.19,2018981.25,463325.62,16481660.62
20100126,42,108,3993345.00,1345795.31,341142.19,10796855.62
20100127,21,54,2003172.19,673284.38,145718.44,5447410.31
20100128,21,54,2034624.38,673039.69,153621.56,5509884.38
20100129,38,99,3761589.38,1229819.06,372048.75,10385533.12
20100131,77,198,7633352.81,2483330.62,588912.19,20699730.00
20100202,84,216,8002220.62,2689537.50,614674.69,21705505.31
20100209,42,120,3288121.88,1418031.56,402060.94,8888366.25
20100210,112,312,8454121.88,3803765.62,1071666.56,22219256.25
20100211,84,234,6883714.69,2795720.62,619135.31,18736200.00
20100212,105,300,7901631.56,3543862.50,913460.62,21385496.25
20100213,21,60,1585648.12,706770.00,195300.00,4290395.62
20100214,31,81,2329270.31,1052198.44,317210.62,5775274.69
20100215,42,120,3246960.94,1418473.12,450720.00,8780799.38
20100216,63,180,4833717.19,2120670.00,548111.25,13119480.00
20100217,42,114,3615806.25,1375183.12,306942.19,9839297.81
20100218,42,120,3204165.94,1417109.06,300622.50,8695395.00
20100219,30,79,2367182.81,1015979.06,191143.12,5957538.75
20100220,65,184,4941961.88,2188985.62,607989.38,13320028.12
20100221,21,60,1578675.94,707931.56,203363.44,4283448.75
20100222,42,114,3620576.25,1377180.00,346140.00,9850491.56
20100225,63,174,5231649.38,2076314.06,420696.56,14271387.19
20100306,21,60,1597432.50,709408.12,200036.25,4321580.62
20100307,42,108,3937244.06,1330821.56,223751.25,10767335.62
20100309,42,120,3074416.88,1421035.31,453746.25,8328571.88
20100311,66,186,4948545.94,2220089.06,639343.12,13349120.62
20100313,82,236,6067729.69,2744460.00,679190.62,16720717.50
20100314,7,24,472581.56,231609.38,88973.44,1584315.00
20100315,21,60,1584241.88,711466.88,207655.31,4282723.12
20100316,21,60,1615269.38,708404.06,189975.94,4371390.00
20100317,63,180,4721956.88,2127332.81,654035.62,12778908.75
20100318,21,60,1600678.12,708277.50,199470.94,4339147.50
20100319,63,180,4803643.12,2127909.38,643739.06,12983878.12
20100320,109,308,8500646.25,3614731.88,942446.25,23403673.12
20100321,28,66,2702894.06,912616.88,196396.88,6708175.31
20100322,21,60,1628122.50,703530.00,165945.94,4439829.38
20100323,42,120,3227625.00,1412921.25,289473.75,8786986.88
20100327,42,108,3981175.31,1341362.81,351298.12,10792071.56
20100403,42,120,3219665.62,1412229.38,353823.75,8761573.12
20100404,42,120,3272895.00,1410480.00,328699.69,8913391.88
20100405,105,269,9381195.00,3389959.69,724125.94,25010080.31
20100406,126,354,9982583.44,4209733.12,984819.38,27102661.88
20100407,21,60,1569133.12,710583.75,224423.44,4246993.12
20100408,21,54,2066121.56,673790.62,135182.81,5629893.75
20100409,21,60,1545643.12,709264.69,215631.56,4185928.12
20100412,21,60,1551898.12,709270.31,174653.44,4215796.88
20100414,63,174,5153641.88,2088916.88,536951.25,13988292.19
20100415,80,227,6121904.06,2679541.88,523971.56,16649153.44
20100417,156,426,13320050.62,5122400.62,995146.88,36534625.31
20100418,42,120,3161992.50,1416476.25,361184.06,8603938.12
20100419,131,353,10836590.62,4337687.81,896712.19,28929822.19
20100420,105,282,9193623.75,3431404.69,825975.00,24941252.81
20100421,42,120,3292281.56,1414591.88,299652.19,8968854.38
20100422,21,60,1667500.31,706207.50,153480.94,4550563.12
20100506,42,114,3650346.56,1390137.19,375274.69,9876186.56
20100508,42,114,3603287.81,1374741.56,280265.62,9808391.25
20100509,84,222,7611283.12,2720075.62,610934.06,20664658.12
20100510,21,54,2028892.50,672474.38,157500.00,5506846.88
20100511,42,108,4119831.56,1351065.94,319111.88,11194455.94
20100517,21,54,2040854.06,669417.19,123944.06,5529645.00
20100525,21,54,2109285.00,686868.75,192583.12,5681705.62
20100527,21,54,2105502.19,681404.06,191123.44,5668419.38
20100601,21,54,1975972.50,664967.81,110531.25,5393213.44
20100603,21,60,1650805.31,704930.62,121612.50,4519108.12
20100604,21,54,2055929.06,669799.69,103671.56,5568471.56
20100606,21,60,1583195.62,705853.12,152822.81,4323594.38
20100608,25,62,2285595.00,790188.75,151430.62,6108269.06
20100609,26,69,1965602.81,859522.50,183043.12,5138235.00
20100611,49,132,3984069.38,1658725.31,281705.62,10249036.88
20100612,49,132,3889980.00,1664100.00,231682.50,9969755.62
20100614,17,47,1334401.88,559136.25,94410.00,3606499.69
20100615,28,72,2137573.12,961357.50,225810.00,5188235.62
20100622,35,84,2855905.31,1176862.50,203686.88,6596685.00
20100624,52,143,4031043.75,1744020.00,296229.38,10671688.12
20100704,12,31,898824.38,389787.19,63818.44,2350485.00
20100707,21,60,1566916.88,712749.38,187219.69,4267203.75
20100708,21,60,1554693.75,717406.88,186747.19,4229690.62
20100709,21,60,1556887.50,717035.62,182902.50,4234612.50
20100711,63,180,4568481.56,2161482.19,540579.38,12401274.38
20100712,42,120,2956199.06,1445987.81,413679.38,8043986.25
20100713,42,108,3982196.25,1365513.75,246709.69,10782109.69
20100714,51,128,4610953.12,1668962.81,352499.06,12071747.81
20100719,19,52,1363412.81,629229.38,138999.38,3669530.62
20100729,21,54,1907541.56,682028.44,149841.56,5146557.19
20100730,9,17,753966.56,301980.94,51094.69,1508675.62
20100731,42,120,3073311.56,1438351.88,339803.44,8365933.12
20100801,63,180,4785060.94,2161634.06,480847.50,13024755.00
20100802,30,77,2226495.94,1043035.31,238047.19,5432945.62
20100803,21,60,1602649.69,721122.19,142050.94,4373820.00
20100804,21,60,1524400.31,723827.81,212833.12,4141710.00
20100805,42,120,3061080.00,1446986.25,342030.94,8317726.88
20100806,21,60,1578706.88,722688.75,178920.00,4293883.12
20100807,7,12,587790.00,256328.44,51550.31,969406.88
20100808,21,54,2018486.25,687583.12,141333.75,5483460.94
20100809,21,60,1575630.00,721285.31,142020.00,4291880.62
20100813,63,180,4597425.00,2171711.25,538084.69,12502715.62
20100815,63,180,4532889.38,2170906.88,481103.44,12337824.38
20100817,26,69,1873951.88,879674.06,260910.00,4881408.75
20100821,21,60,1619845.31,721175.62,137272.50,4415917.50
20100822,63,181,4609800.00,2133056.25,434390.62,12822589.69
20100823,42,120,3174181.88,1439865.00,296685.00,8670735.00
20100905,21,60,1498005.00,716563.12,214087.50,4056761.25
20100908,42,120,3230381.25,1418366.25,320993.44,8798416.88
20100909,63,180,4783916.25,2133807.19,530642.81,12994290.00
20100910,63,180,4680267.19,2137016.25,571871.25,12713265.00
20100911,42,120,3096295.31,1427554.69,346297.50,8419033.12
20100914,42,120,3189999.38,1422942.19,282262.50,8678475.00
20100915,63,174,5175742.50,2091203.44,476114.06,14091795.00
20100916,63,174,5116466.25,2088961.88,439835.62,13932241.88
20100917,4,7,265590.00,117759.38,34292.81,561917.81
20100918,28,66,2551269.38,902871.56,150474.38,6402439.69
20100921,42,108,3952648.12,1347339.38,295402.50,10700474.06
20100922,63,162,5879835.00,2010009.38,442715.62,15887033.44
20100923,21,54,1966038.75,674142.19,147037.50,5306183.44
20100924,14,30,1213936.88,451814.06,94741.88,2721487.50
20100925,105,270,9857174.06,3354651.56,584775.00,26752682.81
20100926,126,324,11613720.94,4012374.38,749030.62,31476107.81
20100927,63,162,5880591.56,2014950.94,452393.44,15939604.69
20100928,105,270,9724778.44,3352764.38,706609.69,26363576.25
20100929,63,161,5887378.12,2018972.81,394998.75,15874860.94
20100930,54,140,4698804.38,1661551.88,285387.19,13453610.62
20101002,44,113,4149554.06,1390196.25,182430.00,11336850.00
20101004,91,228,8476118.44,2908335.94,551207.81,22493148.75
20101005,35,77,3263703.75,1144341.56,169680.94,7449966.56
20101006,62,135,5888171.25,2044684.69,361935.00,13337710.31
20101007,42,98,3975932.81,1365176.25,313585.31,9648199.69
20101008,21,53,1968657.19,668084.06,140430.94,5235522.19
20101009,63,162,5908831.88,2001588.75,435456.56,16070031.56
20101010,21,54,1991655.00,668854.69,117545.62,5426420.62
20101015,42,120,3174221.25,1414968.75,369154.69,8635843.12
20101016,21,54,2035594.69,669152.81,134628.75,5530550.62
20101017,21,54,2013654.38,664683.75,109063.12,5481562.50
20101018,63,180,4867627.50,2124351.56,433189.69,13304401.88
20101021,63,162,5945636.25,2003000.62,294350.62,16170772.50
20101028,21,60,1670748.75,703110.94,136662.19,4570503.75
20101030,30,89,2204516.25,991378.12,185385.94,6347390.62
20101031,21,60,1569304.69,706719.38,149956.88,4273188.75
20101101,42,114,3609053.44,1372359.38,291121.88,9804774.38
20101102,59,162,5196661.88,1735787.81,338776.88,16233105.94
20101103,105,270,9962755.31,3318097.50,553066.88,27165656.25
20101104,84,222,7731030.94,2702061.56,465654.38,21064919.06
20101105,105,276,9631077.19,3365817.19,597341.25,26281063.12
20101111,63,174,5152035.94,2083255.31,403934.06,14005816.88
20101112,42,120,3162161.25,1414828.12,292429.69,8599010.62
20101113,34,86,2660073.75,1136806.88,211092.19,6570517.50
20101114,51,138,4016489.06,1712050.31,309265.31,10409096.25
20101115,44,113,4140109.69,1386503.44,292010.62,11333224.69
20101116,42,108,3928800.94,1328304.38,219774.38,10671058.12
20101117,42,108,3917250.00,1328242.50,271184.06,10593129.38
20101118,21,54,2011114.69,663330.94,92500.31,5480381.25
20101122,21,54,1999330.31,664818.75,129040.31,5422680.00
20101124,21,54,2043506.25,666275.62,114828.75,5553981.56
20101125,21,54,2038609.69,667091.25,125586.56,5531630.62
20101126,21,60,1611281.25,704950.31,132688.12,4393603.12
20101128,63,180,4820349.38,2111852.81,404204.06,13146406.88
20101129,42,120,3255370.31,1406694.38,213280.31,8892168.75
20101130,55,152,4210835.62,1830074.06,309585.94,11275419.38
20101201,21,54,2043334.69,672176.25,113737.50,5586747.19
20101202,42,114,3563159.06,1383750.00,271220.62,9715350.94
20101203,21,60,1596757.50,710721.56,126548.44,4346898.75
20101208,21,60,1592083.12,711953.44,144790.31,4327216.88
20101209,21,60,1568075.62,712448.44,150367.50,4263603.75
20101210,63,168,5613567.19,2044575.00,350732.81,15288581.25
20101212,42,108,4039934.06,1338460.31,178363.12,11028006.56
20101215,10,24,882902.81,311658.75,32245.31,2404805.62
20101218,21,54,2037045.94,669614.06,110579.06,5564595.94
20101221,21,54,2024406.56,666233.44,110123.44,5525721.56
20101223,21,54,2018559.38,668590.31,104914.69,5513830.31
20101224,21,54,2040994.69,671239.69,114550.31,5561476.88
20101225,21,54,2028574.69,670741.88,120931.88,5522470.31
20101226,35,102,2970267.19,1149676.88,200010.94,8673615.00
20101227,42,114,3530542.50,1379863.12,266324.06,9616775.62
20101228,42,114,3680381.25,1379964.38,220671.56,10061623.12
20101229,63,174,5012805.94,2093416.88,432666.56,13606990.31
20101230,63,174,5215483.12,2091225.94,389742.19,14188522.50
20101231,21,54,1994636.25,668961.56,116136.56,5436045.00
20110101,21,60,1636945.31,701969.06,116805.94,4464202.50
20110103,21,54,2000635.31,662118.75,129242.81,5435392.50
20110104,42,114,3679351.88,1363173.75,265210.31,9997368.75
20110105,21,54,1950668.44,657750.94,133903.12,5300949.38
20110106,84,234,6966253.12,2768442.19,455054.06,19025814.38
20110107,42,108,4069808.44,1325033.44,211033.12,11101809.38
20110108,42,114,3665573.44,1365302.81,230956.88,9991766.25
20110109,42,114,3626181.56,1367499.38,220969.69,9883406.25
20110110,42,114,3655234.69,1365454.69,235361.25,9973139.06
20110112,42,114,3688844.06,1362937.50,196782.19,10081212.19
20110113,37,97,3262272.19,1190098.12,176580.00,8756505.00
20110115,23,58,2116977.19,718731.56,119761.88,5744010.94
20110116,30,73,2825237.81,947115.00,120023.44,7406024.06
20110117,21,54,1962438.75,661317.19,125212.50,5329954.69
20110118,21,54,1998936.56,660009.38,99264.38,5460713.44
20110119,63,162,6096605.62,1990628.44,334409.06,16642746.56
20110120,84,216,7770822.19,2647518.75,529928.44,21133501.88
20110124,14,33,1144125.00,480757.50,61664.06,2547109.69
20110125,25,68,1830692.81,826776.56,191941.88,4847653.12
20110126,63,174,5149569.38,2079756.56,388161.56,14025133.12
20110127,49,136,3624913.12,1612279.69,312536.25,9943706.25
20110128,82,233,6248320.31,2657084.06,542520.00,17935869.38
20110129,42,120,3166180.31,1405780.31,259185.94,8625498.75
20110130,84,222,7369138.12,2689720.31,531450.00,20071605.94
20110131,105,276,9549438.75,3347372.81,539738.44,26071801.88
20110201,105,276,9471054.38,3385507.50,606071.25,25793091.56
20110204,21,54,2051145.00,669698.44,81244.69,5626288.12
20110206,21,54,2063016.56,671633.44,89305.31,5645851.88
20110210,21,54,2043919.69,671290.31,101424.38,5591075.62
20110211,42,108,3964944.38,1332607.50,215116.88,10834717.50
20110212,42,108,4001942.81,1336609.69,195516.56,10945068.75
20110213,21,54,1994630.62,667614.38,98142.19,5449514.06
20110216,9,19,726446.25,285887.81,67311.56,1687843.12
20110218,21,54,2025697.50,667898.44,92351.25,5556183.75
20110219,30,74,2813301.56,968475.94,219681.56,7492120.31
20110221,21,54,2024077.50,670786.88,228526.88,5518330.31
20110222,30,77,2384552.81,1012429.69,225323.44,5897328.75
20110226,21,49,1765777.50,656670.94,86484.38,4678984.69
20110301,21,54,2047719.38,666897.19,86453.44,5607160.31
20110508,42,114,3605942.81,1357380.00,301452.19,9833554.69
20110509,42,114,3625863.75,1359975.94,279388.12,9880126.88
20110510,42,114,3685438.12,1353518.44,273723.75,10029895.31
20110511,63,180,4869669.38,2090213.44,499128.75,13259548.12
20110512,21,54,2072970.00,661483.12,151301.25,5640288.75
20110513,42,108,3862963.12,1313249.06,401571.56,10449675.00
20110522,28,66,2631510.00,906454.69,133306.88,6485951.25
20110524,18,51,1341509.06,580592.81,103089.38,3729836.25
20110525,21,60,1625523.75,696270.94,157829.06,4431543.75
20110526,67,187,5070881.25,2215926.56,471518.44,13627105.31
20110527,42,114,3639507.19,1362062.81,293405.62,9874771.88
20110528,63,174,5245495.31,2055285.00,320821.88,14287995.00
20110529,63,168,5265258.75,2095216.88,448976.25,13614879.38
20110530,168,462,14366368.12,5458016.25,1004065.31,39207639.38
20110531,7,12,635445.00,230504.06,34076.25,1121062.50
20110601,24,59,2253456.56,753024.38,147209.06,5963827.50
20110602,142,392,11863766.25,4632600.94,1017593.44,32228457.19
20110603,68,177,6039433.12,2161383.75,382421.25,16241909.06
20110604,18,50,1306049.06,580173.75,111839.06,3548396.25
20110605,81,222,6706147.50,2634764.06,444231.56,18155497.50
20110607,84,240,6425642.81,2789791.88,581858.44,17543880.00
20110608,105,293,8663211.56,3441383.44,771361.88,23503356.56
20110609,79,224,6164212.50,2642866.88,590765.62,16558942.50
20110610,21,60,1600987.50,697831.88,178160.62,4342815.00
20110615,21,54,2021610.94,657551.25,137846.25,5504563.12
20110623,21,53,2044558.12,663142.50,112052.81,5468509.69
20110624,21,60,1550505.94,700273.12,154693.12,4201661.25
20110625,59,160,4851199.69,1910016.56,442051.88,13054533.75
20110626,46,115,4335935.62,1437198.75,261694.69,11597762.81
20110628,16,43,1191526.88,527565.94,120850.31,3084004.69
20110629,126,360,9543934.69,4198978.12,1018906.88,25915696.88
20110630,77,216,6058546.88,2557364.06,522053.44,16221960.00
20110701,70,186,5970715.31,2283617.81,418235.62,15689393.44
20110702,21,54,1995437.81,657405.00,126779.06,5410462.50
20110706,49,135,4100090.62,1592330.62,366105.94,11220924.38
20110710,3,6,229235.62,86776.88,10274.06,581709.38
20110711,21,54,2071319.06,657610.31,99042.19,5621698.12
20110712,21,54,1917163.12,658071.56,162466.88,5181274.69
20110713,49,120,4611667.50,1550424.38,282619.69,11945728.12
20110714,21,54,2052523.12,659455.31,93813.75,5585681.25
20110716,21,54,2036064.38,657905.62,103283.44,5533841.25
20110717,21,54,2070703.12,659871.56,134687.81,5627767.50
20110718,63,162,5970619.69,1974338.44,445879.69,16170795.00
20110722,44,121,3792855.94,1425510.00,254674.69,10493035.31
20110723,10,21,771516.56,337055.62,83508.75,1606120.31
20110724,25,67,1943988.75,830880.00,232287.19,5197505.62
20110725,63,180,4672049.06,2102751.56,561211.88,12690573.75
20110726,21,60,1605653.44,699435.00,186454.69,4367812.50
20110728,84,237,6640433.44,2791164.38,558942.19,17889471.56
20110729,21,60,1584874.69,702548.44,174254.06,4303625.62
20110801,21,60,1526999.06,703366.88,172054.69,4147340.62
20110802,21,60,1502527.50,703215.00,159772.50,4087209.38
20110803,21,60,1553051.25,703468.12,198230.62,4212247.50
20110807,42,120,3096975.94,1411200.00,310817.81,8408756.25
20110808,28,72,2755437.19,891348.75,147225.94,7516833.75
20110809,21,54,2044763.44,660189.38,103407.19,5579741.25
20110811,10,23,858495.94,309872.81,38593.12,2228430.94
20110812,42,108,4072514.06,1324757.81,259250.62,11085370.31
20110813,21,54,2053715.62,660456.56,146202.19,5600573.44
20110818,21,54,2053875.94,661519.69,114595.31,5575758.75
20110819,84,234,6825220.31,2777127.19,701223.75,18510181.88
20110823,21,60,1571554.69,699195.94,146680.31,4281305.62
20110824,21,54,2094547.50,672075.00,139463.44,5689836.56
20110825,63,174,5180473.12,2059093.12,457320.94,14113620.00
20110826,28,72,2289931.88,945815.62,147349.69,5583847.50
20110901,41,119,2975099.06,1326785.62,291526.88,8501172.19
20110902,21,60,1571996.25,700711.88,136459.69,4270005.00
20110904,21,60,1551088.12,704958.75,440024.06,4166589.38
20110906,21,54,2063145.94,659778.75,101286.56,5614945.31
20110918,63,180,4683422.81,2110266.56,618094.69,12686231.25
20110920,63,180,4700415.94,2103210.00,534282.19,12761325.00
20110921,32,74,2849419.69,1009656.56,242682.19,7087356.56
20110922,21,60,1660339.69,697761.56,134732.81,4528265.62
20110923,84,240,6305416.88,2804242.50,669847.50,17100815.62
20110924,21,60,1547218.12,702545.62,184373.44,4194916.88
20110925,46,127,3429413.44,1521959.06,368538.75,9121806.56
20110926,21,60,1590460.31,701319.38,174138.75,4314577.50
20110928,21,60,1578234.38,701372.81,145760.62,4276209.38
20110929,21,54,1988879.06,659275.31,123899.06,5419755.00
20111003,21,60,1567009.69,707428.12,182832.19,4248450.00
20111010,21,54,2030149.69,668005.31,135593.44,5499129.38
20111011,21,54,2081626.88,665108.44,102408.75,5651527.50
20111018,21,54,2016885.94,667110.94,104104.69,5468262.19
20111019,21,60,1616802.19,705825.00,161592.19,4405033.12
20111026,21,60,1631503.12,705366.56,129566.25,4436291.25
20111027,42,120,3177385.31,1412569.69,337514.06,8616706.88
20111029,63,180,4768059.38,2113003.12,475751.25,12962306.25
20111030,42,114,3691296.56,1369108.12,288433.12,10057924.69
20111031,21,54,2042862.19,667530.00,136276.88,5549658.75
20111102,51,136,3971896.88,1652107.50,414452.81,10126901.25
20111105,21,54,2045477.81,633403.12,123010.31,5568162.19
20111113,7,12,609584.06,222660.00,46797.19,1065875.62
20111116,36,100,2804062.50,1171724.06,216835.31,7444850.62
20111117,42,114,3695622.19,1307992.50,273864.38,10081085.62
20111118,21,60,1611680.62,679710.94,151374.38,4382004.38
20111119,21,60,1629005.62,677109.38,133973.44,4443592.50
20111120,42,114,3730294.69,1305736.88,265446.56,10193397.19
20111121,63,174,5375770.31,1976211.56,404173.12,14682749.06
20111122,70,186,6036539.06,2223641.25,466956.56,15776870.62
20111123,49,138,4260780.00,1530804.38,309979.69,11943562.50
20111124,49,132,3982395.94,1590921.56,302470.31,10210533.75
20111125,42,120,3332539.69,1350514.69,277695.00,9098178.75
20111127,21,54,2032835.62,632497.50,140723.44,5517511.88
20111128,49,126,4287785.62,1533892.50,316091.25,11083657.50
20111129,21,54,2003532.19,628368.75,108303.75,5471353.12
20111202,63,174,5446406.25,2067547.50,388080.00,14881730.62
20111203,21,60,1699979.06,697367.81,122414.06,4651138.12
20111206,21,54,2083277.81,672021.56,171576.56,5655659.06
20111208,21,54,1968007.50,662045.62,128626.88,5341359.38
20111209,21,54,2024156.25,663581.25,146430.00,5489426.25
20111218,21,54,1944593.44,668663.44,186727.50,5235513.75
20111219,21,54,2009621.25,665687.81,134074.69,5467845.94
20111220,51,126,4773830.62,1613292.19,207672.19,12611902.50
20111221,21,54,2045854.69,663631.88,83415.94,5581386.56
20111222,21,54,2009131.88,663499.69,121913.44,5473943.44
20111226,81,205,7101630.00,2609353.12,530175.94,18590124.38
20111228,35,88,3289452.19,1118542.50,276339.38,8714936.25
20111230,21,54,2022806.25,664439.06,122439.38,5517050.62
20111231,21,54,2017051.88,667980.00,169079.06,5441636.25
20120101,42,108,3955767.19,1313583.75,226254.38,10766553.75
20120102,42,108,4046903.44,1315946.25,271482.19,10981023.75
20120105,42,108,4095129.38,1330824.38,295014.38,11124289.69
20120107,42,108,4052351.25,1315735.31,210076.88,11044974.38
20120108,18,47,1725170.62,548482.50,107164.69,4943081.25
20120110,21,54,2115109.69,671647.50,184387.50,5715663.75
20120219,21,54,2016551.25,658802.81,159986.25,5469249.38
20120221,63,162,6049470.94,1977437.81,323735.62,16480577.81
20120224,21,54,2047114.69,657413.44,84600.00,5590400.62
20120227,21,54,2018207.81,659309.06,94618.12,5483820.94
20120229,21,54,2041835.62,660566.25,101058.75,5553180.00
20120301,21,54,2059202.81,659143.12,83219.06,5629809.38
20120302,119,306,11046090.94,3735621.56,704129.06,30080750.62
20120305,14,34,1382009.06,446973.75,55639.69,3535245.00
20120306,21,54,2119927.50,666905.62,169028.44,5708480.62
20120309,21,54,1994535.00,661218.75,165015.00,5433311.25
20120314,54,140,4961157.19,1687404.38,428970.94,13841884.69
20120315,54,136,4968270.00,1687078.12,414275.62,13461170.62
20120317,63,162,6054615.00,1985968.12,481410.00,16486860.94
20120319,21,54,1956650.62,660990.94,195125.62,5296471.88
20120320,63,162,5979560.62,1977044.06,378939.38,16304540.62
20120321,42,108,4110240.94,1328183.44,230844.38,8493080.62
20120322,49,126,4723635.94,1531670.62,291414.38,12882296.25
20120324,21,54,1970963.44,660127.50,183203.44,5343977.81
20120328,21,54,2054458.12,661784.06,91791.56,5609055.94
20120402,42,108,4011755.62,1316714.06,239445.00,10957010.62
20120404,21,54,1960079.06,672465.94,178492.50,5277006.56
20120405,21,54,2062687.50,663359.06,184016.25,5586398.44
20120408,5,18,441154.69,133472.81,17395.31,1988701.88
20120420,21,54,2062423.12,661387.50,109299.38,5624673.75
20120421,42,108,4063190.62,1321360.31,278170.31,11057225.62
20120428,21,54,2042901.56,658279.69,113298.75,5551095.94
20120429,21,54,2000798.44,656465.62,125850.94,5437442.81
20120506,63,162,6218670.94,2005590.94,419895.00,16960938.75
20120508,21,54,2013764.06,664543.12,124512.19,5489609.06
20120518,21,54,2063013.75,663837.19,108745.31,5616641.25
20120519,21,54,2117885.62,673942.50,171399.38,5712044.06
20120521,21,54,2039003.44,664124.06,122602.50,5542177.50
20120528,21,54,2026625.62,666362.81,109895.62,5513371.88
20120530,21,54,1986108.75,662580.00,145279.69,5391613.12
20120601,88,227,8461440.00,2754191.25,482675.62,23318699.06
20120602,63,162,6087563.44,1988395.31,408529.69,16460299.69
20120603,42,108,3981450.94,1321841.25,322264.69,10792504.69
20120610,21,54,2059405.31,662172.19,158481.56,5547434.06
20120612,42,108,4030962.19,1321028.44,216750.94,10955790.00
20120617,21,54,2031089.06,663224.06,116935.31,5501998.12
20120618,7,12,638100.00,232509.38,28527.19,1123087.50
20120620,21,54,2053198.12,658853.44,106526.25,5538054.38
20120702,42,108,3989984.06,1326375.00,332468.44,10795168.12
20120719,63,162,5904281.25,1994262.19,412008.75,16050521.25
20120720,63,162,5949357.19,1997257.50,425480.62,16156634.06
20120725,21,54,1940310.00,663516.56,147054.38,5211315.00
20120728,42,108,3935655.00,1323115.31,269805.94,10646336.25
20120729,21,54,2011320.00,665083.12,152375.62,5439192.19
20120730,21,54,2083289.06,675000.00,158236.88,5601448.12
20120807,42,114,3490571.25,1364034.38,346907.81,9442364.06
20120808,63,168,5474815.31,2022030.00,547776.56,14830931.25
20120810,21,54,2030602.50,659385.00,148106.25,5528978.44
20120811,21,54,1979575.31,655737.19,113937.19,5379437.81
20120812,21,60,1492737.19,705495.94,171151.88,4039059.38
20120824,7,12,622732.50,233870.62,44957.81,1084511.25
20120825,51,132,4601550.94,1651466.25,402069.38,12022602.19
20120827,21,54,2125890.00,672305.62,197488.12,5709251.25
20120828,42,108,4055166.56,1313192.81,216857.81,11047221.56
20120829,21,54,1961229.38,657278.44,94390.31,5330393.44
20120831,21,54,1969641.56,659244.38,144779.06,5343676.88
20120901,21,54,2021540.62,663811.88,197333.44,5410541.25
20120903,21,54,1851240.94,655042.50,100167.19,5314339.69
20120908,63,162,5864099.06,1971475.31,404932.50,16109828.44
20120909,63,168,5498648.44,2010909.38,382727.81,15273832.50
20120910,63,162,6029116.88,1974968.44,429530.62,16470630.00
20120914,42,120,3172553.44,1393787.81,271738.12,8574513.75
20120920,42,108,3817653.75,1313190.00,319761.56,10347437.81
20120922,147,378,13756173.75,4597672.50,924283.12,37436203.12
20120923,147,378,13724268.75,4590708.75,839770.31,37376600.62
20120927,105,270,9540509.06,3276711.56,656173.12,25870218.75
20120928,105,270,9454297.50,3282536.25,728257.50,25651690.31
20120929,84,216,7599934.69,2625620.62,693736.88,20648362.50
20121018,21,54,1998773.44,658673.44,137202.19,5435865.00
20121019,21,54,2071366.88,665299.69,144129.38,5636671.88
20121020,21,54,2056786.88,662121.56,140467.50,5603743.12
20121021,21,54,2058665.62,660200.62,124343.44,5603194.69
20121030,21,54,2017839.38,658740.94,121727.81,5500687.50
20121111,21,54,2025199.69,656254.69,115796.25,5540909.06
20121123,42,108,4001883.75,1312529.06,193196.25,10908711.56
20130309,84,222,7490272.50,2652525.00,567123.75,20414761.88
20130310,45,125,3456014.06,1482508.12,352591.88,9246785.62
20130311,63,168,5634126.56,2005759.69,439596.56,15354950.62
20130322,21,54,1997403.75,649707.19,90464.06,5451091.88
20130404,105,288,8592249.38,3405301.88,820895.62,23371655.62
20130405,126,348,10535942.81,4089979.69,957417.19,28659062.81
20130406,147,393,12768077.81,4716317.81,992550.94,34454036.25
20130407,93,254,7600170.94,3024219.38,690876.56,20457585.00
20130408,65,178,5420719.69,2112165.00,561031.88,14671459.69
20130409,105,288,8900659.69,3414521.25,866176.88,24197841.56
20130410,109,313,8274411.56,3608097.19,897963.75,22903860.94
20130411,63,180,4773532.50,2089274.06,469001.25,12970659.38
20130412,42,120,3219896.25,1392660.00,322447.50,8727041.25
20130413,105,288,8831534.06,3385172.81,728060.62,24080672.81
20130414,63,174,5195373.75,2046937.50,494145.00,14113802.81
20130415,63,180,4855907.81,2088990.00,519100.31,13167298.12
20130416,63,180,4762372.50,2088953.44,525979.69,12900065.62
20130417,63,180,4750233.75,2090534.06,549624.38,12881182.50
20130418,63,162,5913815.62,1963009.69,472452.19,16116766.88
20130419,46,122,3955705.31,1474183.12,289434.38,10678227.19
20130420,105,270,9857927.81,3265970.62,729978.75,26852189.06
20130421,105,270,9970214.06,3272515.31,650435.62,27224544.38
20130425,63,162,5986802.81,1966083.75,387219.38,16349554.69
20130426,63,162,6122677.50,1958838.75,386347.50,16673040.00
20130428,14,34,1107596.25,473900.62,114918.75,2522368.12
20130429,7,12,622389.38,247331.25,41034.38,1036248.75
20130430,84,240,6394367.81,2781961.88,639596.25,17363536.88
20130501,37,101,2813363.44,1245723.75,279540.00,7319224.69
20130502,84,240,6512999.06,2814533.44,593277.19,17735343.75
20130503,63,180,4876332.19,2117295.00,553460.62,13216477.50
20130504,63,180,4895603.44,2110291.88,429510.94,13289006.25
20130505,21,60,1686810.94,701263.12,142858.12,4606025.62
20130513,42,120,3027282.19,1418360.62,435704.06,8206228.12
20130519,63,180,4753690.31,2120045.62,518042.81,12883432.50
20130521,16,41,1243625.62,536796.56,75540.94,3132419.06
20130528,42,108,4166659.69,1342004.06,339817.50,11235355.31
20130529,84,240,6489964.69,2816850.94,627305.62,17650513.12
20130530,63,180,4715395.31,2120456.25,559009.69,12784111.88
20130531,84,234,6732753.75,2784307.50,505347.19,18352482.19
20130601,21,60,1584157.50,704041.88,148193.44,4298107.50
20130602,84,240,6384273.75,2818141.88,654274.69,17322862.50
20130603,63,180,4794142.50,2117306.25,501224.06,12987050.62
20130604,42,114,3610636.88,1369665.00,247694.06,9812317.50
20130605,63,168,5608816.88,2033634.38,426591.56,15258979.69
20130606,42,114,3720405.94,1371360.94,313970.62,10025218.12
20130609,51,143,4370568.75,1640469.38,437903.44,12502155.94
20130610,21,60,1588772.81,704418.75,110415.94,4327256.25
20130611,7,24,741664.69,217774.69,25028.44,2588051.25
20130614,35,96,3370812.19,1092763.12,186125.62,9741133.12
20130616,42,114,3656919.38,1367147.81,334847.81,9926400.94
20130618,21,54,2031412.50,666618.75,112623.75,5501685.94
20130619,84,222,7401172.50,2696973.75,529155.00,19995581.25
20130620,84,216,7953271.88,2656099.69,498009.38,21490776.56
20130621,21,54,1973219.06,662526.56,124050.94,5324363.44
20130622,42,108,3952760.62,1329300.00,307274.06,10665241.88
20130623,45,114,4224417.19,1421032.50,299601.56,11368743.75
20130624,42,108,3810850.31,1328093.44,289020.94,10303290.00
20130625,21,54,1993772.81,666160.31,124025.62,5415381.56
20130626,42,108,4041233.44,1337208.75,328525.31,10917970.31
20130628,21,59,1529108.44,706930.31,188867.81,4044819.38
20130629,21,60,1552989.38,703822.50,162129.38,4200170.62
20130630,21,60,1642615.31,701859.38,113661.56,4464106.88
20130701,21,60,1615778.44,707056.88,149425.31,4374551.25
20130702,63,174,5264777.81,2077410.94,399029.06,14326852.50
20130703,42,114,3622072.50,1373776.88,229536.56,9840853.12
20130706,21,54,1917315.00,669712.50,147920.62,5217913.12
20130709,42,114,3598368.75,1369243.12,251955.00,9805733.44
20130710,21,60,1484946.56,711323.44,190428.75,4018888.12
20130711,42,108,3857315.62,1334075.62,330443.44,10480168.12
20130712,42,114,3514654.69,1375464.38,335115.00,9515410.31
20130713,42,114,3563268.75,1372438.12,283162.50,9689911.88
20130714,63,174,5188612.50,2081579.06,465803.44,14078702.81
20130715,63,174,5086220.62,2087226.56,477703.12,13770165.94
20130716,21,54,1990864.69,667766.25,143763.75,5402742.19
20130718,21,54,1984823.44,666180.00,124394.06,5378312.81
20130720,25,69,2318366.25,769809.38,144469.69,6941109.38
20130721,21,54,1922658.75,666402.19,138532.50,5179764.38
20130724,21,54,1949042.81,667206.56,110337.19,5296412.81
20130727,42,120,3135720.94,1414563.75,306582.19,8497546.88
20130728,21,60,1551197.81,709200.00,163980.00,4199951.25
20130729,52,142,3931481.25,1752030.00,327867.19,10230795.00
20130730,42,114,3438610.31,1376105.62,293256.56,9319024.69
20130731,84,240,6577641.56,2834294.06,777318.75,17248528.12
20130801,42,120,3035882.81,1416881.25,355463.44,8226230.62
20130802,86,233,7295130.00,2803606.88,554678.44,19891693.12
20130803,63,174,5166835.31,2074463.44,451510.31,14034746.25
20130804,4,8,277247.81,123603.75,24030.00,648320.62
20130805,32,88,2491745.62,1064809.69,182958.75,6591695.62
20130807,42,114,3543679.69,1370925.00,309192.19,9606777.19
20130808,21,60,1616397.19,702410.62,118892.81,4402535.62
20130811,42,114,3534612.19,1375582.50,271901.25,9592380.00
20130813,21,60,1583825.62,706668.75,138012.19,4299795.00
20130814,21,60,1565291.25,708060.94,163366.88,4243708.12
20130815,42,120,3187265.62,1414684.69,302619.38,8643628.12
20130816,2,7,170147.81,53533.12,7287.19,741650.62
20130825,21,54,1865008.12,662065.31,127603.12,5050805.62
20130826,42,120,3117495.94,1413135.00,301457.81,8453385.00
20130829,21,60,1560816.56,707473.12,142787.81,4228498.12
20130831,42,108,3832430.62,1325160.00,242505.00,10423040.62
20130901,63,180,4596679.69,2104920.00,499395.94,12452248.12
20130902,84,240,6232246.88,2805828.75,617554.69,16883026.88
20130903,42,120,3227326.88,1401401.25,298774.69,8757444.38
20130904,63,174,5017848.75,2058969.38,453155.62,13621536.56
20130905,21,60,1577955.94,702272.81,157334.06,4276164.38
20130907,21,54,1941913.12,658116.56,138048.75,5284161.56
20130909,21,54,1922104.69,659410.31,136940.62,5233893.75
20130911,21,60,1530489.38,703468.12,205905.94,4144708.12
20130912,21,60,1581165.00,700793.44,224991.56,4273644.38
20130914,9,29,858065.62,267145.31,52785.00,2980125.00
20130915,21,54,1926115.31,655967.81,117163.12,5226854.06
20130916,63,162,5798303.44,1970583.75,399656.25,15711814.69
20130919,21,54,1920718.12,658794.38,117348.75,5209936.88
20130922,21,54,1978827.19,656589.38,131940.00,5379665.62
20130924,21,60,1602528.75,699885.00,142635.94,4359211.88
20130927,42,114,3446533.12,1361562.19,263385.00,9330769.69
20131008,11,25,819843.75,362165.62,62187.19,1842910.31
20131009,105,288,8750913.75,3427318.12,701350.31,23801880.94
20131010,21,54,1989756.56,661016.25,132018.75,5422753.12
20131012,21,60,1631399.06,699806.25,124877.81,4421221.88
20131015,21,54,1982129.06,655880.62,106315.31,5400478.12
20131016,21,54,1946047.50,659466.56,130176.56,5276719.69
20131018,21,54,2015251.88,662090.62,116482.50,5506655.62
20131019,21,54,1967821.88,661547.81,130750.31,5361401.25
20131020,42,108,3983956.88,1320027.19,276994.69,10855611.56
20131021,21,54,1972575.00,659365.31,146635.31,5359232.81
20131023,42,108,3978669.38,1316480.62,225517.50,10848810.94
20131024,84,228,7106346.56,2720055.94,523805.62,19316719.69
20131027,84,234,6792173.44,2758581.56,653042.81,18459005.62
20131028,21,54,2035965.94,661151.25,105325.31,5575972.50
20131029,42,120,3217193.44,1400976.56,334552.50,8733555.00
20131030,21,60,1632546.56,700891.88,163431.56,4418499.38
20131101,63,174,5130745.31,2066861.25,415215.00,13933839.38
20131105,21,54,1951461.56,656507.81,141775.31,5307997.50
20131106,21,54,2035451.25,660045.94,113430.94,5564739.38
20131107,42,114,3568902.19,1358564.06,296493.75,9702343.12
20131108,94,262,8173305.00,3010021.88,566805.94,23250898.12
20131109,84,228,7313523.75,2721591.56,440226.56,19952181.56
20131111,42,108,4018708.12,1321599.38,230565.94,10956735.00
20131112,63,162,6066787.50,1981881.56,346390.31,16581130.31
20131113,42,108,3997603.12,1319391.56,270984.38,10887347.81
20131116,14,42,1394043.75,425643.75,61166.25,4391789.06
20131117,63,162,5998173.75,1981257.19,356099.06,16362720.00
20131118,42,108,3901201.88,1314531.56,189641.25,10623006.56
20131119,42,108,3964955.62,1318522.50,263025.00,10770212.81
20131120,84,216,7868261.25,2629887.19,460428.75,21416779.69
20131121,21,60,1622126.25,701066.25,163642.50,4378854.38
20131123,22,56,2122245.00,690966.56,317874.38,5748316.88
20131125,21,54,1981943.44,659070.00,144621.56,5405838.75
20131126,21,60,1646744.06,699224.06,130570.31,4489329.38
20131127,21,60,1601558.44,699660.00,151790.62,4349475.00
20131129,21,60,1656407.81,706086.56,152125.31,4557172.50
20131201,84,234,6974865.00,2772233.44,494302.50,19029526.88
20131202,21,60,1613756.25,699243.75,115430.62,4401736.88
20131203,21,54,1990963.12,658996.88,85100.62,5449266.56
20131204,42,114,3595241.25,1359939.38,221940.00,9824565.94
20131206,42,114,3669201.56,1355835.94,232129.69,10022110.31
20131208,9,17,765362.81,310438.12,51648.75,1431542.81
20131209,42,120,3212890.31,1401120.00,280788.75,8715622.50
20131210,63,180,4933940.62,2098094.06,421950.94,13426436.25
20131211,21,54,1953714.38,657360.00,133090.31,5321466.56
20131215,21,54,1966635.00,658684.69,121320.00,5366382.19
20131217,21,54,1938105.00,655742.81,104630.62,5288093.44
20131219,21,54,1985779.69,657458.44,125544.38,5433319.69
20131221,21,54,2013007.50,660197.81,97492.50,5502009.38
20131223,63,180,4837927.50,2102197.50,528707.81,13114771.88
20131230,21,60,1635643.12,697348.12,124157.81,4445701.88
20131231,21,60,1614405.94,699336.56,123842.81,4386481.88
20140101,10,22,802372.50,333461.25,54638.44,1743626.25
20140104,21,60,1590232.50,700765.31,125085.94,4307023.12
20140105,21,54,2030408.44,659365.31,103013.44,5570631.56
20140106,21,54,2009792.81,657601.88,101691.56,5513940.00
20140107,21,54,1962292.50,658372.50,95197.50,5357837.81
20140108,21,54,1934322.19,656302.50,106222.50,5277057.19
20140114,21,54,1947645.00,657267.19,117317.81,5311828.12
20140115,14,42,1428761.25,427800.94,68290.31,4517887.50
20140121,42,120,3136083.75,1403001.56,283322.81,8503081.88
20140123,42,114,3559935.94,1358625.94,279416.25,9670733.44
20140126,21,60,1684020.94,699173.44,130182.19,4581540.00
20140127,21,60,1616934.38,700489.69,134997.19,4376660.62
20140128,21,60,1537371.56,703220.62,207351.56,4160311.88
20140129,21,60,1549735.31,703465.31,152437.50,4193859.38
20140130,21,54,2097618.75,669642.19,160118.44,5696395.31
20140131,21,54,2013856.88,658158.75,104090.62,5504805.00
20140201,21,60,1544020.31,705338.44,185869.69,4176478.12
20140202,21,60,1588294.69,702925.31,172127.81,4293562.50
20140203,21,60,1576043.44,701142.19,131189.06,4276113.75
20140206,21,60,1575196.88,701983.12,125760.94,4300931.25
20140212,63,162,5963220.00,1979139.38,396700.31,16278094.69
20140213,63,162,5911830.00,1977187.50,373322.81,16120043.44
20140215,21,54,2020061.25,659469.38,102687.19,5534730.00
20140216,21,54,2022575.62,660872.81,102507.19,5516035.31
20140218,21,54,2008088.44,661086.56,111313.12,5473915.31
20140219,21,54,2041675.31,661190.62,120225.94,5557722.19
20140220,42,114,3621467.81,1359345.94,274696.88,9865757.81
20140221,63,174,5133945.94,2065556.25,509585.62,13938702.19
20140222,65,178,5363985.94,2124936.56,579099.38,14544947.81
20140223,21,60,1586733.75,701122.50,189975.94,4303462.50
20140224,42,120,3177801.56,1405043.44,328694.06,8626595.62
20140225,21,60,1635465.94,700008.75,134007.19,4449600.00
20140226,42,114,3590240.62,1362524.06,286447.50,9781031.25
20140227,84,240,6582602.81,2800890.00,614216.25,17910461.25
20140228,42,114,3618874.69,1357062.19,276018.75,9862472.81
20140301,80,221,6580110.94,2618296.88,491428.12,17837136.56
20140304,66,179,5858091.56,2100639.38,445404.38,16423925.62
20140305,42,120,3170587.50,1405679.06,300074.06,8575509.38
20140310,105,282,9127012.50,3387549.38,734093.44,24886631.25
20140311,84,222,7521674.06,2683988.44,643862.81,20444709.38
20140312,84,216,8000718.75,2641384.69,595285.31,21809570.62
20140313,84,216,7876279.69,2639559.38,537021.56,21455527.50
20140317,21,54,1990310.62,655869.38,141589.69,5393399.06
20140318,21,54,1976335.31,659283.75,114823.12,5376273.75
20140320,56,149,5248738.12,1744337.81,308517.19,14775280.31
20140321,105,288,8859740.62,3425149.69,773209.69,24150518.44
20140322,126,354,10109477.81,4166710.31,949348.12,27464689.69
20140323,87,246,7104549.38,2839755.94,614618.44,19942270.31
20140324,42,120,3264617.81,1400754.38,341220.94,8857665.00
20140325,21,60,1581800.62,702180.00,184528.12,4289563.12
20140326,21,60,1575790.31,702739.69,174495.94,4269060.00
20140327,21,60,1601094.38,700320.94,139488.75,4355943.75
20140328,42,114,3617772.19,1362948.75,250807.50,9859148.44
20140407,63,174,5167684.69,2066447.81,460884.38,14032487.81
20140408,105,294,8518632.19,3459937.50,803517.19,23209799.06
20140409,42,108,4046208.75,1321579.69,249603.75,11038024.69
20140410,21,54,2072129.06,664571.25,136417.50,5651347.50
20140412,84,216,8082750.94,2647164.38,569587.50,22055951.25
20140414,42,108,4111222.50,1325379.38,252132.19,11236547.81
20140416,63,162,5994334.69,1980689.06,397442.81,16295160.94
20140417,63,162,5992197.19,1981650.94,406707.19,16339176.56
20140418,63,162,5906635.31,1974836.25,436474.69,16118018.44
20140419,63,162,5931717.19,1972901.25,437087.81,16155576.56
20140420,42,120,3209250.94,1401657.19,352245.94,8727811.88
20140421,63,180,4841448.75,2102121.56,515323.12,13144224.38
20140422,84,228,7242654.38,2731530.94,567680.62,19744048.12
20140423,42,120,3122375.62,1406652.19,316963.12,8443743.75
20140424,42,120,3273955.31,1400132.81,264926.25,8931751.88
20140425,53,146,4069943.44,1763271.56,373573.12,10748047.50
20140426,11,28,848494.69,356017.50,68920.31,2151911.25
20140427,84,240,6391904.06,2807783.44,706775.62,17325264.38
20140428,21,60,1580256.56,703333.12,155598.75,4298799.38
20140429,22,64,1582976.25,738480.94,168671.25,4402811.25
20140502,11,36,1034319.38,315295.31,34290.00,3787402.50
20140505,42,120,3263858.44,1404194.06,342759.38,8858486.25
20140506,147,408,12025991.25,4831793.44,1174170.94,32650900.31
20140507,168,480,13109104.69,5602145.62,1355270.62,35625926.25
20140508,147,414,11623502.81,4877364.38,1227619.69,31583345.62
20140509,126,336,11283609.38,4036978.12,969567.19,30649817.81
20140512,21,54,2063832.19,667046.25,115093.12,5624277.19
20140513,7,24,715910.62,213263.44,42075.00,2537763.75
20140514,63,162,5882512.50,1976807.81,404173.12,15929513.44
20140515,84,216,7956840.94,2638313.44,518402.81,21628307.81
20140516,42,108,3978202.50,1316941.88,238980.94,10834731.56
20140517,42,108,3949852.50,1316967.19,260912.81,10752834.38
20140518,63,168,5602393.12,2021040.00,406873.12,15280545.94
20140519,60,172,4660385.62,1979952.19,404161.88,12817175.62
20140520,63,180,4893207.19,2101581.56,437045.62,13324095.00
20140521,21,60,1693389.38,699032.81,105882.19,4574491.88
20140527,42,120,3221966.25,1400565.94,331228.12,8753400.00
20140530,10,22,809637.19,332336.25,49055.62,1766351.25
20140531,42,120,3214797.19,1399308.75,336805.31,8729938.12
20140601,42,120,3378692.81,1395067.50,304087.50,9213148.12
20140607,42,120,3205589.06,1399398.75,335643.75,8694658.12
20140619,21,60,1617471.56,699848.44,121812.19,4400330.62
20140620,21,60,1531459.69,704927.81,159944.06,4139550.00
20140621,21,60,1658399.06,694650.94,162014.06,4510237.50
20140622,21,60,1592280.00,701777.81,130359.38,4322323.12
20140623,21,60,1644657.19,698973.75,106396.88,4464135.00
20140702,21,60,1584410.62,701640.00,137972.81,4304615.62
20140709,21,54,1922346.56,662737.50,543782.81,5310815.62
20140710,21,54,2000100.94,661730.62,144292.50,5415280.31
20140726,42,120,3199016.25,1413123.75,308179.69,8694033.75
20140727,21,60,1503315.00,711987.19,185880.94,4066571.25
20140728,21,60,1550356.88,706362.19,183743.44,4211516.25
20140729,21,60,1549659.38,706452.19,169045.31,4202004.38
20140801,21,54,1996925.62,660712.50,105626.25,5470298.44
20140805,42,108,3860361.56,1322994.38,346426.88,10427000.62
20140806,21,54,1969852.50,666202.50,173733.75,5362891.88
20140807,21,54,1998961.88,662512.50,141156.56,5438505.94
20140808,45,117,4256060.62,1416051.56,331745.62,11758449.38
20140810,9,30,871633.12,269336.25,56210.62,3138075.00
20140811,21,54,1925285.62,659882.81,154327.50,5239878.75
20140815,21,60,1558487.81,704418.75,175280.62,4227198.75
20140816,42,120,3203310.94,1403946.56,272646.56,8687570.62
20140817,42,120,3024610.31,1414918.12,361577.81,8180679.38
20140818,21,60,1558434.38,703665.00,162202.50,4236772.50
20140819,42,120,3086403.75,1413466.88,304461.56,8355526.88
20140820,42,120,3164889.38,1405454.06,329135.62,8599685.62
20140821,42,120,3150486.56,1409118.75,311512.50,8544076.88
20140824,21,54,2021250.94,665530.31,158962.50,5494002.19
20140825,18,50,1707041.25,541845.00,124706.25,5167499.06
20140827,21,54,2009635.31,665912.81,135126.56,5465025.00
20140828,21,60,1538597.81,707343.75,167557.50,4168468.12
20140830,42,114,3421673.44,1365927.19,312578.44,9278699.06
20140831,42,114,3578307.19,1372924.69,333767.81,9733483.12
20140901,21,54,1957207.50,660712.50,132890.62,5301857.81
20140902,21,54,2124331.88,665580.94,204674.06,4078423.12
20140903,21,54,2032903.12,663859.69,142304.06,5537790.00
20140904,42,108,3995550.00,1320868.12,268304.06,10852731.56
20140905,105,270,9665170.31,3298556.25,677674.69,26262615.94
20140906,42,108,3914727.19,1320252.19,281939.06,10616374.69
20140907,42,108,3968417.81,1321745.62,282344.06,10830574.69
20140908,28,78,2621010.94,875761.88,219690.00,7707692.81
20140915,21,54,1972974.38,660448.12,99165.94,5388780.94
20140918,40,109,3374614.69,1265422.50,256741.88,9681173.44
20140919,54,145,4855328.44,1665253.12,345192.19,13980248.44
20140920,21,60,1549380.94,706893.75,186027.19,4191226.88
20140922,21,54,1958349.38,662166.56,131127.19,5329673.44
20140923,21,54,1921294.69,660737.81,117568.12,5213486.25
20140924,21,54,1919792.81,661404.38,163996.88,5212884.38
20140925,21,60,1582500.94,707588.44,157072.50,4294012.50
20140926,42,114,3561339.38,1368840.94,285353.44,9663536.25
20141001,84,222,7454098.12,2673705.94,657540.00,20238032.81
20141005,21,54,2028254.06,657216.56,96404.06,5550482.81
20141006,21,54,2003692.50,655731.56,152476.88,5460367.50
20141007,21,54,1992706.88,659238.75,157125.94,5416413.75
20141008,21,54,1978121.25,658020.94,155033.44,5372142.19
20141012,21,54,1954974.38,657241.88,140070.94,5313223.12
20141013,63,180,4742732.81,2098184.06,439003.12,12832689.38
20141017,44,124,3421555.31,1455896.25,327057.19,9239940.00
20141018,42,120,3101568.75,1403440.31,361783.12,8367474.38
20141019,21,60,1600880.62,699927.19,164865.94,4328364.38
20141020,63,168,5675602.50,2013485.62,434497.50,15443670.94
20141024,21,54,2007877.50,657329.06,144725.62,5475664.69
20141026,21,60,1554249.38,701223.75,127501.88,4212067.50
20141028,42,114,3530362.50,1353667.50,294600.94,9610180.31
20141029,21,60,1677248.44,697938.75,187425.00,4535251.88
20141102,21,54,2069271.56,661719.38,105848.44,5651254.69
20141103,21,54,2048703.75,658965.94,113000.62,5616303.75
20141104,84,216,8283794.06,2655956.25,546328.12,22600397.81
20141105,21,54,2027424.38,657376.88,85415.62,5539944.38
20141106,21,54,2091532.50,675033.75,176700.94,5674187.81
20141109,21,54,2005804.69,659095.31,118918.12,5456137.50
20141110,21,54,2025368.44,657686.25,113124.38,5545881.56
20141111,21,54,2002010.62,657793.12,134192.81,5459703.75
20141112,21,54,2018311.88,657286.88,119356.88,5527701.56
20141113,60,157,5523432.19,1910536.88,369720.00,14988645.00
20141114,51,142,4525070.62,1631986.88,279900.00,12912831.56
20141115,42,120,3203893.12,1400217.19,284419.69,8726771.25
20141116,105,288,8780788.12,3419507.81,637098.75,23909132.81
20141117,21,60,1637400.94,699041.25,139266.56,4449442.50
20141118,63,174,5177950.31,2059965.00,404001.56,14070616.88
20141119,42,120,3205389.38,1400031.56,298192.50,8698376.25
20141120,105,288,8972268.75,3412569.38,655287.19,24425983.12
20141121,63,174,5292039.38,2058803.44,390555.00,14403543.75
20141122,42,114,3666543.75,1358769.38,250065.00,9992103.75
20141124,42,114,3637074.38,1358656.88,262597.50,9914999.06
20141127,21,60,1643585.62,698681.25,131290.31,4472589.38
20141202,21,54,1938540.94,656229.38,117452.81,5278415.62
20141203,21,54,2034627.19,658982.81,107471.25,5565771.56
20141205,21,54,1957573.12,655995.94,123930.00,5347712.81
20141206,21,54,2001675.94,658268.44,134901.56,5460972.19
20141207,21,54,1998835.31,660164.06,121187.81,5452374.38
20141208,21,54,1968696.56,658290.94,130064.06,5372055.00
20141209,42,108,4049454.38,1320077.81,237090.94,11022060.94
20141212,42,120,3236512.50,1396535.62,292142.81,8798490.00
20141214,42,114,3656134.69,1358550.00,280791.56,9958851.56
20141215,21,60,1596543.75,701021.25,178945.31,4326508.12
20141216,21,60,1586941.88,701212.50,161521.88,4298951.25
20141217,21,60,1592175.94,699156.56,165602.81,4313491.88
20141223,21,60,1566705.94,702402.19,149925.94,4237773.75
20141226,42,120,3223136.25,1403280.00,318687.19,8714261.25
20141228,63,174,5400787.50,2052458.44,379172.81,14733708.75
20150102,21,54,2011519.69,656122.50,129186.56,5498246.25
20150103,21,54,1993308.75,660166.88,85601.25,5430535.31
20150105,21,54,2005185.94,658583.44,123415.31,5494983.75
20150106,21,54,2040938.44,659809.69,106920.00,5576363.44
20150107,42,108,3956639.06,1314610.31,237259.69,10803749.06
20150114,63,168,5587928.44,2015372.81,425655.00,15227803.12
20150115,21,54,1947155.62,657264.38,155224.69,5298727.50
20150116,21,54,1993862.81,659092.50,124059.38,5435479.69
20150122,21,60,1609157.81,701206.88,166758.75,4356793.12
20150125,42,120,3269174.06,1401013.12,278625.94,8874472.50
20150126,21,60,1580934.38,701637.19,174150.00,4281075.00
20150129,63,168,5567529.38,2016399.38,404378.44,15128732.81
20150131,63,162,6092448.75,1978340.62,453670.31,16477101.56
20150201,23,60,2214860.62,713300.62,114162.19,6260529.38
20150202,28,75,2810286.56,883085.62,182725.31,7885324.69
20150203,84,216,8209597.50,2640290.62,496001.25,22363652.81
20150211,63,179,4867309.69,2097118.12,470424.38,13142112.19
20150212,21,60,1582995.94,699820.31,166843.12,4289878.12
20150213,63,168,5750018.44,2013103.12,379175.62,15670693.12
20150215,63,180,4809346.88,2098454.06,447255.00,13048998.75
20150217,42,120,3157650.00,1398971.25,297742.50,8563156.88
20150222,63,180,4824840.94,2100827.81,488891.25,13068551.25
20150223,21,60,1564950.94,700396.88,180137.81,4243224.38
20150224,63,180,4678368.75,2102686.88,579183.75,12638660.62
20150225,42,120,3268074.38,1396828.12,260468.44,8880170.62
20150228,21,54,1956791.25,655540.31,127847.81,5336409.38
20150301,126,330,11563146.56,3995431.88,837981.56,31510355.62
20150302,84,216,7969379.06,2633835.94,562567.50,21709575.00
20150303,63,162,6072089.06,1973860.31,423075.94,16535702.81
20150304,21,54,2020817.81,659705.62,132193.12,5518636.88
20150305,84,216,7839444.38,2627350.31,593102.81,21339742.50
20150311,42,120,3121022.81,1401741.56,402165.00,8442489.38
20150312,63,180,4698289.69,2102481.56,459855.00,12722776.88
20150317,85,231,6604934.06,2859339.38,547439.06,17027957.81
20150318,14,41,1415986.88,427066.88,141643.12,4266326.25
20150319,126,348,10513378.12,4110899.06,724303.12,28610853.75
20150320,105,288,8754032.81,3410049.38,700498.12,23799813.75
20150405,21,54,2061466.88,639092.81,151382.81,5590029.38
20150408,44,114,4234570.31,1370176.88,234163.12,11778139.69
20150409,21,54,2045354.06,654131.25,94072.50,5615226.56
20150411,21,54,2029674.38,656856.56,104042.81,5578228.12
20150412,21,60,1628302.50,696515.62,132719.06,4431583.12
20150413,168,474,13402690.31,5531709.38,1146133.12,36469321.88
20150415,63,180,4746636.56,2095003.12,568220.62,12866276.25
20150416,105,288,9094620.94,3358920.94,736970.62,25095481.88
20150417,98,264,8942540.62,3078205.31,616930.31,25009410.94
20150418,147,402,12438472.50,4766478.75,1067056.88,33783409.69
20150419,126,360,9854940.94,4176610.31,922002.19,26803186.88
20150420,84,228,7213170.94,2705450.62,603371.25,19619589.38
20150421,35,96,3131766.56,1095229.69,230357.81,8840663.44
20150422,7,24,474319.69,228453.75,75557.81,1588961.25
20150423,14,48,941214.38,455155.31,125516.25,3170160.00
20150508,21,54,1994065.31,651934.69,132879.38,5430085.31
20150509,21,54,2003630.62,654415.31,101390.62,5459743.12
20150510,84,234,6838987.50,2737589.06,680866.88,18568065.94
20150511,63,168,5599451.25,2010546.56,598542.19,15353811.56
20150512,126,360,9807997.50,4160486.25,1063251.56,26661127.50
20150513,91,264,6927437.81,3002326.88,826644.38,19141048.12
20150514,105,300,8069377.50,3472157.81,821944.69,21946066.88
20150515,84,240,6426871.88,2781112.50,647184.38,17446708.12
20150517,105,300,7962682.50,3478272.19,930375.00,21594628.12
20150518,105,294,8453730.94,3434951.25,824762.81,22943072.81
20150522,21,54,1980793.12,652353.75,133700.62,5405298.75
20150523,21,54,2006347.50,652407.19,87648.75,5482853.44
20150526,63,174,5158209.38,2046009.38,443129.06,14016574.69
20150528,21,60,1641670.31,694116.56,150584.06,4454060.62
20150530,45,120,4331511.56,1383167.81,259295.62,12339059.06
20150531,84,216,7940865.94,2612010.94,491144.06,21606004.69
20150601,42,108,3955736.25,1309542.19,239456.25,10765859.06
20150602,84,216,8093829.38,2610770.62,448855.31,22119080.62
20150603,42,108,3984966.56,1311055.31,289617.19,10840845.94
20150604,84,216,8028320.62,2625502.50,519522.19,21771520.31
20150605,42,108,4030785.00,1309218.75,277157.81,11000109.38
20150606,42,108,4000432.50,1310695.31,262693.12,10874036.25
20150607,63,162,5965458.75,1968353.44,503507.81,16137930.94
20150608,21,60,1567338.75,695683.12,194425.31,4248618.75
20150609,42,120,3155101.88,1389915.00,336954.38,8559213.75
20150610,21,60,1540665.00,697488.75,153247.50,4176315.00
20150611,21,60,1587003.75,694667.81,144309.38,4317997.50
20150623,21,60,1558020.94,704354.06,188614.69,4238600.62
20150624,21,60,1541247.19,704306.25,185934.38,4193156.25
20150625,42,114,3500865.00,1364954.06,320785.31,9496850.62
20150626,42,108,3977263.12,1316182.50,251749.69,10841717.81
20150702,42,108,3935939.06,1316671.88,349675.31,10623346.88
20150708,49,144,3757575.94,1612375.31,419416.88,10609571.25
20150709,42,114,3581282.81,1355017.50,358650.00,9707234.06
20150710,42,108,4038539.06,1309733.44,262738.12,10920178.12
20150711,42,120,3155987.81,1397998.12,278125.31,8575042.50
20150716,28,84,2150173.12,914844.38,213420.94,6263201.25
20150718,21,54,1950049.69,658428.75,138403.12,5281152.19
20150719,21,60,1613269.69,696881.25,145968.75,4393327.50
20150720,49,137,4241753.44,1565834.06,333295.31,11992187.81
20150723,7,24,586622.81,216964.69,34860.94,2000475.00
20150726,7,24,464577.19,230045.62,102726.56,1561635.00
20150728,21,54,1981830.94,655081.88,107381.25,5401400.62
20150730,7,24,713401.88,211947.19,46659.38,2515961.25
20150731,42,108,3889018.12,1308993.75,308283.75,10568691.56
20150803,14,41,1432971.56,426577.50,274162.50,4294544.06
20150806,3,12,181063.12,82409.06,27284.06,860523.75
20150812,35,102,2906417.81,1100466.56,256539.38,8557717.50
20150813,21,60,1478714.06,704041.88,151841.25,4023095.62
20150814,7,24,463556.25,226552.50,42193.12,1560881.25
20150817,49,144,3573210.94,1624109.06,358298.44,10029757.50
20150819,10,33,627634.69,316856.25,106309.69,2119542.19
20150820,84,222,7368322.50,2654040.94,503749.69,20034087.19
20150822,42,114,3539967.19,1346914.69,283263.75,9631150.31
20150823,42,114,3537939.38,1349746.88,308145.94,9621750.94
20150824,42,108,3918884.06,1315099.69,326463.75,10631190.94
20150825,21,54,1914516.56,651650.62,163875.94,5193793.12
20150826,63,162,5833521.56,1964168.44,417642.19,15829917.19
20150827,63,161,5896684.69,1965701.25,370001.25,15940254.38
20150831,23,60,2072438.44,708865.31,158281.88,5821700.62
20150902,21,54,1896457.50,653228.44,159539.06,5166739.69
20150903,63,180,4598786.25,2090978.44,479891.25,12465900.00
20150904,42,120,3051112.50,1394240.62,352105.31,8263411.88
20150905,21,60,1574634.38,696417.19,153928.12,4214812.50
20150906,21,54,1912986.56,649040.62,88517.81,5192218.12
20150907,21,60,1494253.12,699620.62,186420.94,4045393.12
20150908,42,120,3089832.19,1392201.56,310989.38,8374843.12
20150909,91,252,6829087.50,3028539.38,617220.00,17888900.62
20150910,42,108,3900571.88,1298666.25,248217.19,10614751.88
20150911,21,54,1931813.44,653526.56,147566.25,5243506.88
20150912,21,60,1509533.44,697851.56,206505.00,4080684.38
20150913,63,168,5542894.69,2001197.81,420443.44,15123445.31
20150915,63,174,4991118.75,2049120.00,515736.56,13548667.50
20150916,21,60,1568415.94,695435.62,170066.25,4254750.00
20150920,21,54,1918037.81,652474.69,144697.50,5209298.44
20150922,63,168,5442238.12,1999414.69,443865.94,14808656.25
20150928,21,54,1910894.06,649139.06,157784.06,5213044.69
20150929,21,54,1969439.06,652890.94,156628.12,5364222.19
20151001,42,108,4055622.19,1317161.25,317913.75,11014374.38
20151002,21,54,2005633.12,651330.00,126151.88,5464822.50
20151003,21,54,2021866.88,656527.50,141198.75,5513554.69
20151005,21,54,1998424.69,654955.31,137410.31,5445978.75
20151012,21,60,1657077.19,694653.75,184713.75,4505315.62
20151013,21,54,1989419.06,649752.19,106093.12,5449342.50
20151014,42,114,3533956.88,1345547.81,340259.06,9602049.38
20151016,42,108,3898749.38,1303039.69,230965.31,10625180.62
20151020,58,150,5290295.62,1831215.94,313166.25,14210704.69
20151021,84,222,7598756.25,2649968.44,460845.00,20764929.38
20151022,42,108,4069417.50,1309727.81,206215.31,11149942.50
20151024,105,270,9808925.62,3250122.19,496814.06,26797964.06
20151025,42,108,4057101.56,1308124.69,226468.12,11096721.56
20151026,84,216,8069355.00,2613698.44,504469.69,22016013.75
20151028,42,108,4137390.00,1317251.25,280521.56,11282166.56
20151029,84,216,7954259.06,2603008.12,430101.56,21726101.25
20151030,63,162,6023061.56,1958501.25,350676.56,16450146.56
20151101,21,54,2021217.19,655754.06,113492.81,5507803.12
20151102,15,40,1161689.06,503111.25,65986.88,2960741.25
20151104,21,60,1598377.50,698934.38,162410.62,4343163.75
20151105,21,60,1599207.19,699730.31,173261.25,4324910.62
20151108,42,120,3201449.06,1393939.69,315090.00,8698055.62
20151109,21,60,1611658.12,695486.25,127653.75,4392225.00
20151113,42,120,3248485.31,1391101.88,305642.81,8879304.38
20151115,42,120,3222556.88,1392013.12,268785.00,8754603.75
20151116,42,120,3215340.00,1393242.19,271802.81,8732981.25
20151210,21,60,1614614.06,708404.06,172006.88,4379428.12
20151214,21,60,1590401.25,710564.06,170260.31,4300610.62
20151216,42,120,3233865.94,1416133.12,319457.81,8777683.12
20151219,42,120,3288029.06,1413849.38,283263.75,8970435.00
20151220,21,60,1573380.00,710108.44,210366.56,4267237.50
20151231,21,60,1635018.75,707208.75,152406.56,4448992.50
20160114,21,60,1630085.62,711447.19,136828.12,4429479.38
20160117,21,60,1635983.44,710400.94,149661.56,4450156.88
20160123,42,108,3842178.75,1341722.81,304470.00,10457268.75
20160124,42,108,4056913.12,1348371.56,302079.38,11057557.50
20160204,63,180,4800886.88,2141932.50,492674.06,13012200.00
20160209,21,60,1587237.19,714175.31,171765.00,4259047.50
20160210,42,120,3249914.06,1423538.44,309473.44,8836605.00
20160211,30,80,2352195.00,1021896.56,241987.50,5947576.88
20160214,21,60,1538378.44,714425.62,190485.00,4175443.12
20160216,42,114,3600810.00,1386379.69,272705.62,9800060.62
20160218,63,168,5528286.56,2065826.25,473416.88,15055773.75
20160219,84,216,7843471.88,2692940.62,560868.75,21384925.31
20160220,63,162,5921209.69,2018697.19,363661.88,16183245.94
20160221,14,36,1296312.19,455625.00,63776.25,3543868.12
20160225,42,108,3977406.56,1349299.69,344700.00,10829120.62
20160226,21,54,1988929.69,672789.38,136468.12,5430706.88
20160227,22,58,2054894.06,707883.75,134901.56,5817810.94
20160228,84,228,7030383.75,2774084.06,598379.06,19102193.44
20160229,84,240,6070291.88,2865180.94,718031.25,16438426.88
20160301,42,114,3550879.69,1380656.25,328871.25,9677581.88
20160302,42,120,3189192.19,1425071.25,419934.38,8640646.88
20160303,63,174,5265393.75,2091782.81,456167.81,14351622.19
20160304,63,180,4843721.25,2132997.19,527588.44,13169503.12
20160305,12,32,905450.62,388020.94,101072.81,2422108.12
20160306,42,114,3576636.56,1385780.62,299604.38,9724809.38
20160307,42,120,3103194.38,1428257.81,372543.75,8411461.88
20160308,84,234,6865981.88,2807249.06,620541.56,18667816.88
20160309,63,174,5192181.56,2093672.81,459430.31,14119571.25
20160310,56,156,4310786.25,1902557.81,389846.25,11399996.25
20160311,105,294,8508310.31,3516150.94,781838.44,23106501.56
20160312,84,240,6519085.31,2839786.88,646067.81,17693865.00
20160313,56,156,4611726.56,1857720.94,519713.44,12500265.94
20160314,91,264,7045531.88,3069135.00,769871.25,19547015.62
20160315,84,234,6672487.50,2809366.88,846511.88,18078750.00
20160316,84,228,7152499.69,2769342.19,652469.06,19462156.88
20160317,112,288,10637952.19,3571849.69,680166.56,29053485.00
20160318,126,324,12241049.06,4041042.19,779385.94,33455216.25
20160319,126,324,11722837.50,4034562.19,1051163.44,31989391.88
20160320,105,270,9919940.62,3366618.75,946248.75,26959156.88
20160321,72,190,6889629.38,2299629.38,609792.19,19298292.19
20160322,63,162,5858732.81,2018505.94,588459.38,15894891.56
20160327,42,108,3996945.00,1344141.56,236657.81,10936172.81
20160328,56,156,5331571.88,1788370.31,378660.94,15372042.19
20160329,105,294,8298334.69,3525930.00,946229.06,22495508.44
20160330,49,144,3826268.44,1648769.06,527855.62,10795758.75
20160331,7,24,489931.88,230892.19,59819.06,1648777.50
20160401,28,96,2191393.12,899367.19,263393.44,7453327.50
20160405,35,120,3604463.44,1086162.19,198953.44,12810363.75
20160406,14,48,951176.25,463016.25,133405.31,3201615.00
20160407,35,120,2448548.44,1150574.06,334001.25,8242458.75
20160408,56,168,4347199.69,1872855.00,532991.25,12537500.62
20160409,35,120,2364752.81,1160370.00,349883.44,7974123.75
20160410,28,96,2330533.12,897041.25,233007.19,7899468.75
20160411,18,62,1821555.00,543293.44,105271.88,6754983.75
20160412,7,18,691028.44,216874.69,37347.19,1891755.00
20160413,105,336,7957541.25,3473223.75,1033146.56,24824936.25
20160414,133,402,10298418.75,4418195.62,1280317.50,30219429.38
20160415,133,378,11194962.19,4350265.31,1269607.50,31919484.38
20160420,14,42,1411785.00,435313.12,95700.94,4424388.75
20160422,14,42,1429866.56,436986.56,89552.81,4466148.75
20160425,45,118,4168265.62,1421145.00,360787.50,11623418.44
20160427,28,84,2201535.00,933187.50,250790.62,6409243.12
20160428,77,264,6017003.44,2486494.69,753443.44,20350766.25
20160429,49,156,3811277.81,1606964.06,411913.12,11852668.12
20160430,91,258,8104092.19,2927075.62,702300.94,23309074.69
20160501,40,137,3395176.88,1246778.44,203504.06,11766093.75
20160502,70,222,6029325.00,2219819.06,492263.44,19099293.75
20160503,84,270,7333425.00,2679865.31,717817.50,23806029.38
20160506,72,245,5943507.19,2287198.12,559965.94,20316313.12
20160511,56,180,5188027.50,1766632.50,443683.12,16859953.12
20160512,35,96,3423510.00,1106451.56,262648.12,9717255.00
20160513,7,24,727675.31,218548.12,36430.31,2583528.75
20160514,42,114,4168389.38,1304406.56,233159.06,11948259.38
20160515,168,444,15412485.94,5416855.31,1229506.88,42138492.19
20160519,14,42,1430353.12,435465.00,79427.81,4488623.44
20160520,21,59,2136074.06,652519.69,128410.31,6286646.25
20160521,14,36,1397652.19,433251.56,106680.94,3794335.31
20160522,7,18,710741.25,215645.62,37842.19,1937933.44
20160523,7,18,706882.50,218376.56,41149.69,1923285.94
20160525,35,102,3497360.62,1084525.31,200685.94,10699723.12
20160527,17,60,1466445.94,523018.12,88478.44,5382427.50
20160528,28,90,2780147.81,874116.56,135607.50,9231044.06
20160530,63,216,5357933.44,1996911.56,338062.50,18206167.50
20160531,21,72,1471890.94,690015.94,137171.25,4972095.00
20160602,56,180,3909290.62,1864875.94,342804.38,12304636.88
20160603,49,168,3396467.81,1606758.75,410450.62,11489625.00
20160604,49,168,3706880.62,1585808.44,290702.81,12631545.00
20160607,7,24,580272.19,221478.75,35102.81,1979471.25
20160608,7,24,443300.62,233488.12,51924.38,1518120.00
20160610,28,96,1966213.12,919653.75,194563.12,6650921.25
20160611,7,24,592773.75,221934.38,78975.00,1946902.50
20160613,14,48,1187128.12,443095.31,62122.50,4068101.25
20160614,35,114,2747508.75,1121520.94,225255.94,8849084.06
20160616,7,24,500661.56,231935.62,63900.00,1671997.50
20160617,7,18,701603.44,217276.88,48630.94,1891468.12
20160618,7,18,629893.12,215755.31,55968.75,1682505.00
20160619,7,18,679708.12,215820.00,47441.25,1838953.12
20160621,21,54,1993888.12,647080.31,128972.81,5380197.19
20160622,21,54,1948885.31,646568.44,150035.62,5227807.50
20160626,7,18,677593.12,216714.38,41385.94,1833764.06
20160627,14,48,1183561.88,444684.38,83072.81,4033878.75
20160629,49,150,3811044.38,1616487.19,346252.50,11343425.62
20160630,63,204,4928537.81,2052933.75,374776.88,15723410.62
20160701,28,96,1975561.88,913941.56,207998.44,6664005.00
20160706,21,60,1625529.38,709737.19,72382.50,4411164.38
20160708,14,42,1226770.31,438204.38,94542.19,3706453.12
20160711,21,72,1655825.62,672707.81,148190.62,5607731.25
20160712,7,24,497084.06,227972.81,46040.62,1671221.25
20160714,7,18,664351.88,216652.50,41751.56,1806882.19
20160716,7,24,455537.81,233845.31,92157.19,1548798.75
20160717,7,18,656966.25,216014.06,37209.38,1776228.75
20160718,14,36,1355048.44,433901.25,99655.31,3647396.25
20160720,7,18,669872.81,216672.19,53265.94,1796183.44
20160723,54,163,3980081.25,1783783.12,461151.56,11711354.06
20160724,49,144,3813260.62,1676511.56,340801.88,10616962.50
20160725,74,217,5566525.31,2458830.94,412042.50,15822697.50
20160726,35,108,2532639.38,1168830.00,298504.69,7543636.88
20160727,14,48,1045330.31,455321.25,136988.44,3555686.25
20160728,28,96,2177603.44,898365.94,255765.94,7380045.00
20160731,14,48,1050156.56,451389.38,116175.94,3537708.75
20160801,7,24,438508.12,233893.12,97503.75,1505801.25
20160802,35,108,2551398.75,1166942.81,295005.94,7630762.50
20160803,7,24,452635.31,232962.19,72334.69,1540563.75
20160806,7,24,555212.81,222280.31,52205.62,1870875.00
20160808,28,84,2011657.50,944718.75,255892.50,5776464.38
20160810,7,24,574683.75,221239.69,44955.00,1953630.00
20160814,7,24,465786.56,231721.88,74379.38,1577407.50
20160815,7,24,495008.44,227750.62,53867.81,1661321.25
20160823,35,108,2434660.31,1176730.31,320242.50,7256829.38
20160824,35,120,2452320.00,1144732.50,346885.31,8299496.25
20160825,21,72,1768176.56,661739.06,125640.00,6033161.25
20160827,7,24,578376.56,222010.31,37153.12,1968390.00
20160828,7,24,493301.25,227328.75,41886.56,1663762.50
20160829,42,144,3225960.00,1340946.56,328750.31,10918046.25
20160901,7,24,497145.94,225970.31,53060.62,1674663.75
20160902,14,48,1089641.25,445103.44,108722.81,3687041.25
20160905,14,48,1183021.88,438426.56,88669.69,4043463.75
20160906,49,168,4013389.69,1547254.69,296280.00,13695502.50
20160924,28,96,1820579.06,927520.31,321775.31,6188928.75
20160925,7,24,462985.31,230529.38,74505.94,1572941.25
20160926,14,48,954174.38,458451.56,134040.94,3236433.75
20161004,35,108,3396926.25,1083695.62,187357.50,10820598.75
20161005,14,48,1007417.81,450750.94,77473.12,3397117.50
20161006,7,24,516895.31,225267.19,41394.38,1743513.75
20161009,7,24,490733.44,226802.81,61495.31,1651421.25
20161011,31,102,3142099.69,933679.69,178981.88,10994737.50
20161012,7,24,703982.81,212875.31,43337.81,2486317.50
20161014,7,18,704747.81,214942.50,48712.50,1912021.88
20161019,42,132,3491803.12,1331502.19,265404.38,10877377.50
20161020,14,48,1037050.31,450278.44,93794.06,3503846.25
20161021,7,24,508581.56,225137.81,39546.56,1719123.75
20161022,14,48,1034988.75,449212.50,85629.38,3498435.00
20161024,7,24,524955.94,225084.38,38261.25,1767003.75
20161102,7,18,709942.50,216506.25,37805.62,1943940.94
20161114,7,18,711523.12,216753.75,45728.44,1942574.06
20161229,14,48,957465.00,457208.44,109830.94,3253713.75
20161231,7,24,498788.44,226628.44,56725.31,1677071.25
20170106,14,42,1373700.94,426000.94,77028.75,4328448.75
20170108,14,48,922148.44,460811.25,142734.38,3141360.00
20170109,7,18,643550.62,212186.25,56978.44,1735315.31
20170113,7,18,634725.00,212518.12,58980.94,1702755.00
20170115,7,24,719870.62,212700.94,37369.69,2555516.25
20170125,7,24,722995.31,213792.19,37541.25,2571221.25
20170126,28,84,2386963.12,883245.94,203006.25,7130671.88
20170127,14,48,943928.44,461160.00,181830.94,3174896.25
20170128,21,66,1695071.25,667229.06,166221.56,5268240.00
20170130,7,24,493787.81,228003.75,56241.56,1671333.75
20170131,7,24,447300.00,232396.88,80294.06,1525128.75
20170705,7,24,503791.88,223216.88,53454.38,1681638.75
20170707,49,150,4996752.19,1483523.44,348561.56,16024843.12
20170709,14,36,1317974.06,421306.88,92390.62,3568446.56
20170711,7,24,716675.62,209483.44,28589.06,2560545.00
20170712,7,24,458786.25,227320.31,58415.62,1554997.50
20170713,14,48,930034.69,454654.69,161398.12,3134947.50
20170714,49,168,3702957.19,1566056.25,499305.94,12486442.50
20170715,21,72,1504113.75,667217.81,177364.69,5087700.00
20170716,7,24,587171.25,213918.75,43939.69,1998675.00
20170717,28,96,2072882.81,884669.06,190333.12,7014813.75
20170718,7,24,594984.38,214644.38,34520.62,2041661.25
20170719,70,240,5604013.12,2184868.12,610925.62,19106887.50
20170720,35,120,2437239.38,1123486.88,329475.94,8217753.75
20170724,14,48,923610.94,450129.38,119756.25,3128760.00
20170725,8,28,506131.88,261570.94,109802.81,1782843.75
20170726,21,72,1425040.31,679497.19,187650.00,4802771.25
20170727,9,32,628067.81,277965.00,70529.06,2258505.00
20170728,7,24,458586.56,228507.19,80063.44,1547786.25
20170803,4,13,219540.94,113385.94,24772.50,822012.19
20170809,14,42,1381744.69,421852.50,96752.81,4338725.62
20170813,14,42,1417258.12,423669.38,81140.62,4443471.56
20170814,7,24,526680.00,222201.56,36267.19,1775643.75
20170815,7,24,599565.94,215282.81,39802.50,2048490.00
20170816,7,24,721406.25,211244.06,36112.50,2563222.50
20170817,7,24,460352.81,228968.44,77037.19,1553377.50
20170819,7,24,444178.12,228228.75,64403.44,1516162.50
20170820,7,24,459925.31,227820.94,65798.44,1560071.25
20170823,7,24,504202.50,222977.81,46108.12,1693057.50
20170825,7,24,446996.25,229612.50,89431.88,1513395.00
20171018,7,24,604513.12,216135.00,58353.75,2058682.50
20171021,7,24,612492.19,215454.38,45295.31,2095706.25
20171215,7,24,574554.38,215606.25,46710.00,1943696.25
20171218,14,48,921546.56,453569.06,116190.00,3136050.00
20171220,14,48,1176904.69,430973.44,94418.44,4000972.50
20171221,14,48,933699.38,455571.56,160121.25,3157008.75
20171224,7,24,463393.12,226125.00,64057.50,1578690.00
20171226,14,48,928487.81,452106.56,149954.06,3154095.00
20180205,14,48,996390.00,451470.94,117300.94,3361612.50
20180213,7,24,466067.81,226136.25,73375.31,1586092.50
20180214,7,24,484067.81,225534.38,47511.56,1634715.00
